<?xml version="1.0" encoding="utf-8"?>
<webessentials version="1.9">
  <settings>
    <CoffeeScriptGenerateJsFile>True</CoffeeScriptGenerateJsFile>
    <CoffeeScriptMinify>True</CoffeeScriptMinify>
    <CoffeeScriptShowPreviewWindow>True</CoffeeScriptShowPreviewWindow>
    <CoffeeScriptWrapClosure>True</CoffeeScriptWrapClosure>
    <CssAutoCloseCurlyBraces>True</CssAutoCloseCurlyBraces>
    <CssEnableMinification>True</CssEnableMinification>
    <CssEnableSelectorHighligting>True</CssEnableSelectorHighligting>
    <CssErrorLocation>1</CssErrorLocation>
    <CssShowBrowserTooltip>True</CssShowBrowserTooltip>
    <CssShowUnsupported>True</CssShowUnsupported>
    <CssSyncVendorValues>True</CssSyncVendorValues>
    <CssValidateZeroUnit>False</CssValidateZeroUnit>
    <HtmlEnableMustache>true</HtmlEnableMustache>
    <HtmlEnableZenCoding>true</HtmlEnableZenCoding>
    <JavaScriptAutoCloseBraces>True</JavaScriptAutoCloseBraces>
    <JavaScriptEnableMinification>True</JavaScriptEnableMinification>
    <JavascriptEnableRegions>True</JavascriptEnableRegions>
    <JavaScriptGenerateSourceMaps>True</JavaScriptGenerateSourceMaps>
    <JavaScriptOutlining>True</JavaScriptOutlining>
    <JsHint_bitwise>True</JsHint_bitwise>
    <JsHint_browser>True</JsHint_browser>
    <JsHint_debug>True</JsHint_debug>
    <JsHint_devel>True</JsHint_devel>
    <JsHint_eqeqeq>True</JsHint_eqeqeq>
    <JsHint_es5>True</JsHint_es5>
    <JsHint_expr>True</JsHint_expr>
    <JsHint_jquery>True</JsHint_jquery>
    <JsHint_laxbreak>True</JsHint_laxbreak>
    <JsHint_laxcomma>True</JsHint_laxcomma>
    <JsHint_maxerr>50</JsHint_maxerr>
    <JsHint_regexdash>True</JsHint_regexdash>
    <JsHint_smarttabs>True</JsHint_smarttabs>
    <JsHintEnable>True</JsHintEnable>
    <JsHintErrorLocation>2</JsHintErrorLocation>
    <KeepImportantComments>false</KeepImportantComments>
    <LessCompileOnBuild>false</LessCompileOnBuild>
    <LessCompileToFolder>false</LessCompileToFolder>
    <LessGenerateCssFile>true</LessGenerateCssFile>
    <LessMinify>true</LessMinify>
    <LessShowPreviewWindow>true</LessShowPreviewWindow>
    <TypeScriptAddGeneratedFilesToProject>true</TypeScriptAddGeneratedFilesToProject>
    <TypeScriptCompileES3>false</TypeScriptCompileES3>
    <TypeScriptCompileOnBuild>false</TypeScriptCompileOnBuild>
    <TypeScriptGenerateJsFile>true</TypeScriptGenerateJsFile>
    <TypeScriptKeepComments>false</TypeScriptKeepComments>
    <TypeScriptMargin_width>845</TypeScriptMargin_width>
    <TypeScriptMinify>false</TypeScriptMinify>
    <TypeScriptProduceSourceMap>false</TypeScriptProduceSourceMap>
    <TypeScriptResaveWithUtf8BOM>false</TypeScriptResaveWithUtf8BOM>
    <TypeScriptShowPreviewWindow>true</TypeScriptShowPreviewWindow>
    <TypeScriptUseAmdModule>true</TypeScriptUseAmdModule>
  </settings>
</webessentials>